"subject","trait","p_0","p_20","p_40","p_60","p_80","p_100"
1,"openness",0.0845070422535211,0.183098591549296,0.352112676056338,0.338028169014085,0.028169014084507,0.0140845070422535
1,"conscientiousness",0.09375,0.21875,0.296875,0.28125,0.09375,0.015625
1,"extraversion",0.131578947368421,0.289473684210526,0.289473684210526,0.210526315789474,0.0526315789473684,0.0263157894736842
1,"agreeableness",0.0909090909090909,0.204545454545455,0.318181818181818,0.227272727272727,0.136363636363636,0.0227272727272727
1,"neuroticism",0.102564102564103,0.41025641025641,0.333333333333333,0.0769230769230769,0.0512820512820513,0.0256410256410256
2,"openness",0.0610687022900763,0.137404580152672,0.221374045801527,0.297709923664122,0.183206106870229,0.099236641221374
2,"conscientiousness",0.0384615384615385,0.221153846153846,0.326923076923077,0.240384615384615,0.125,0.0480769230769231
2,"extraversion",0.0537634408602151,0.139784946236559,0.236559139784946,0.279569892473118,0.182795698924731,0.10752688172043
2,"agreeableness",0.043010752688172,0.161290322580645,0.236559139784946,0.268817204301075,0.193548387096774,0.0967741935483871
2,"neuroticism",0.106060606060606,0.189393939393939,0.287878787878788,0.21969696969697,0.136363636363636,0.0606060606060606
3,"openness",0.064327485380117,0.134502923976608,0.321637426900585,0.274853801169591,0.169590643274854,0.0350877192982456
3,"conscientiousness",0.0276497695852535,0.101382488479263,0.253456221198157,0.290322580645161,0.262672811059908,0.0645161290322581
3,"extraversion",0.0872093023255814,0.180232558139535,0.325581395348837,0.244186046511628,0.151162790697674,0.0116279069767442
3,"agreeableness",0.0431372549019608,0.125490196078431,0.250980392156863,0.262745098039216,0.219607843137255,0.0980392156862745
3,"neuroticism",0.0688073394495413,0.137614678899083,0.284403669724771,0.252293577981651,0.197247706422018,0.0596330275229358
4,"openness",0.0695652173913043,0.121739130434783,0.195652173913043,0.256521739130435,0.28695652173913,0.0695652173913043
4,"conscientiousness",0.132478632478632,0.166666666666667,0.200854700854701,0.235042735042735,0.209401709401709,0.0555555555555556
4,"extraversion",0.3,0.2625,0.216666666666667,0.116666666666667,0.075,0.0291666666666667
4,"agreeableness",0.219101123595506,0.191011235955056,0.196629213483146,0.224719101123595,0.112359550561798,0.0561797752808989
4,"neuroticism",0.244897959183673,0.231292517006803,0.214285714285714,0.173469387755102,0.105442176870748,0.0306122448979592
5,"openness",0.11214953271028,0.345794392523364,0.238317757009346,0.121495327102804,0.102803738317757,0.0794392523364486
5,"conscientiousness",0.0679012345679012,0.179012345679012,0.320987654320988,0.265432098765432,0.123456790123457,0.0432098765432099
5,"extraversion",0.0304878048780488,0.0975609756097561,0.152439024390244,0.335365853658537,0.219512195121951,0.164634146341463
5,"agreeableness",0.391705069124424,0.276497695852535,0.138248847926267,0.105990783410138,0.0552995391705069,0.032258064516129
5,"neuroticism",0.203488372093023,0.180232558139535,0.174418604651163,0.180232558139535,0.174418604651163,0.0872093023255814
6,"openness",0.212765957446809,0.197568389057751,0.179331306990881,0.164133738601824,0.139817629179331,0.106382978723404
6,"conscientiousness",0.0889830508474576,0.114406779661017,0.165254237288136,0.190677966101695,0.211864406779661,0.228813559322034
6,"extraversion",0.206798866855524,0.18413597733711,0.169971671388102,0.161473087818697,0.15014164305949,0.127478753541076
6,"agreeableness",0.220779220779221,0.188311688311688,0.172077922077922,0.155844155844156,0.13961038961039,0.123376623376623
6,"neuroticism",0.02734375,0.06640625,0.15625,0.22265625,0.25,0.27734375
7,"openness",0.0101010101010101,0.095959595959596,0.343434343434343,0.358585858585859,0.171717171717172,0.0202020202020202
7,"conscientiousness",0.0174418604651163,0.302325581395349,0.313953488372093,0.244186046511628,0.116279069767442,0.00581395348837209
7,"extraversion",0.0344827586206897,0.0827586206896552,0.379310344827586,0.379310344827586,0.0758620689655172,0.0482758620689655
7,"agreeableness",0.0121951219512195,0.140243902439024,0.347560975609756,0.347560975609756,0.140243902439024,0.0121951219512195
7,"neuroticism",0.357142857142857,0.285714285714286,0.174603174603175,0.111111111111111,0.0634920634920635,0.00793650793650794
8,"openness",0.043613707165109,0.0716510903426791,0.102803738317757,0.214953271028037,0.274143302180685,0.292834890965732
8,"conscientiousness",0.0324675324675325,0.0681818181818182,0.12987012987013,0.201298701298701,0.253246753246753,0.314935064935065
8,"extraversion",0.0104895104895105,0.048951048951049,0.115384615384615,0.227272727272727,0.269230769230769,0.328671328671329
8,"agreeableness",0.0267175572519084,0.0725190839694656,0.114503816793893,0.17175572519084,0.248091603053435,0.366412213740458
8,"neuroticism",0.00392156862745098,0.0470588235294118,0.0980392156862745,0.215686274509804,0.274509803921569,0.36078431372549
9,"openness",0.180555555555556,0.270833333333333,0.256944444444444,0.159722222222222,0.0972222222222222,0.0347222222222222
9,"conscientiousness",0.0588235294117647,0.279411764705882,0.286764705882353,0.220588235294118,0.0882352941176471,0.0661764705882353
9,"extraversion",0.113636363636364,0.238636363636364,0.221590909090909,0.142045454545455,0.147727272727273,0.136363636363636
9,"agreeableness",0.147651006711409,0.201342281879195,0.187919463087248,0.187919463087248,0.161073825503356,0.114093959731544
9,"neuroticism",0.183673469387755,0.204081632653061,0.204081632653061,0.153061224489796,0.122448979591837,0.13265306122449
10,"openness",0.0772357723577236,0.191056910569106,0.25609756097561,0.333333333333333,0.130081300813008,0.0121951219512195
10,"conscientiousness",0.0413533834586466,0.120300751879699,0.300751879699248,0.327067669172932,0.161654135338346,0.0488721804511278
10,"extraversion",0.152727272727273,0.178181818181818,0.243636363636364,0.269090909090909,0.123636363636364,0.0327272727272727
10,"agreeableness",0.0310077519379845,0.193798449612403,0.271317829457364,0.24031007751938,0.155038759689922,0.108527131782946
10,"neuroticism",0.0430622009569378,0.133971291866029,0.220095693779904,0.282296650717703,0.181818181818182,0.138755980861244
11,"openness",0.152542372881356,0.203389830508475,0.189830508474576,0.132203389830508,0.169491525423729,0.152542372881356
11,"conscientiousness",0.239864864864865,0.125,0.195945945945946,0.152027027027027,0.101351351351351,0.185810810810811
11,"extraversion",0.0655172413793104,0.148275862068966,0.224137931034483,0.113793103448276,0.189655172413793,0.258620689655172
11,"agreeableness",0.134453781512605,0.201680672268908,0.168067226890756,0.109243697478992,0.210084033613445,0.176470588235294
11,"neuroticism",0.204460966542751,0.148698884758364,0.211895910780669,0.16728624535316,0.107806691449814,0.159851301115242
12,"openness",0.0419847328244275,0.0763358778625954,0.106870229007634,0.316793893129771,0.282442748091603,0.175572519083969
12,"conscientiousness",0.0568720379146919,0.199052132701422,0.265402843601896,0.18957345971564,0.203791469194313,0.0853080568720379
12,"extraversion",0.03886925795053,0.127208480565371,0.176678445229682,0.307420494699647,0.27208480565371,0.0777385159010601
12,"agreeableness",0.00784313725490196,0.176470588235294,0.176470588235294,0.258823529411765,0.298039215686275,0.0823529411764706
12,"neuroticism",0.0705128205128205,0.153846153846154,0.397435897435897,0.134615384615385,0.198717948717949,0.0448717948717949
13,"openness",0.0437956204379562,0.131386861313869,0.394160583941606,0.277372262773723,0.116788321167883,0.0364963503649635
13,"conscientiousness",0.0522388059701493,0.134328358208955,0.350746268656716,0.276119402985075,0.141791044776119,0.0447761194029851
13,"extraversion",0.0526315789473684,0.149122807017544,0.429824561403509,0.219298245614035,0.114035087719298,0.0350877192982456
13,"agreeableness",0.0338983050847458,0.161016949152542,0.372881355932203,0.245762711864407,0.144067796610169,0.0423728813559322
13,"neuroticism",0.144230769230769,0.211538461538462,0.355769230769231,0.173076923076923,0.0865384615384615,0.0288461538461538
14,"openness",0.0247524752475248,0.257425742574257,0.202970297029703,0.193069306930693,0.173267326732673,0.148514851485149
14,"conscientiousness",0.0323741007194245,0.0575539568345324,0.284172661870504,0.255395683453237,0.219424460431655,0.151079136690647
14,"extraversion",0.146579804560261,0.205211726384365,0.263843648208469,0.169381107491857,0.11400651465798,0.100977198697068
14,"agreeableness",0.0373563218390805,0.0689655172413793,0.232758620689655,0.204022988505747,0.232758620689655,0.224137931034483
14,"neuroticism",0.0689655172413793,0.112068965517241,0.146551724137931,0.155172413793103,0.275862068965517,0.241379310344828
15,"openness",0.0273972602739726,0.123287671232877,0.349315068493151,0.349315068493151,0.123287671232877,0.0273972602739726
15,"conscientiousness",0.024390243902439,0.130081300813008,0.308943089430894,0.317073170731707,0.146341463414634,0.0731707317073171
15,"extraversion",0.0347222222222222,0.159722222222222,0.361111111111111,0.326388888888889,0.0972222222222222,0.0208333333333333
15,"agreeableness",0.0649350649350649,0.155844155844156,0.253246753246753,0.279220779220779,0.155844155844156,0.0909090909090909
15,"neuroticism",0.0793650793650794,0.306878306878307,0.253968253968254,0.174603174603175,0.121693121693122,0.0634920634920635
16,"openness",0.124542124542125,0.183150183150183,0.117216117216117,0.168498168498169,0.175824175824176,0.230769230769231
16,"conscientiousness",0.17258883248731,0.203045685279188,0.147208121827411,0.137055837563452,0.137055837563452,0.203045685279188
16,"extraversion",0.12,0.0533333333333333,0,0.72,0,0.106666666666667
16,"agreeableness",0.1,0.533333333333333,0.0555555555555556,0.111111111111111,0.133333333333333,0.0666666666666667
16,"neuroticism",0.0707964601769911,0.513274336283186,0.0619469026548673,0.115044247787611,0.132743362831858,0.106194690265487
17,"openness",0.0972568578553616,0.144638403990025,0.182044887780549,0.184538653366584,0.206982543640898,0.184538653366584
17,"conscientiousness",0.152263374485597,0.141975308641975,0.172839506172839,0.176954732510288,0.183127572016461,0.172839506172839
17,"extraversion",0.109207708779443,0.156316916488223,0.179871520342612,0.182012847965739,0.188436830835118,0.184154175588865
17,"agreeableness",0.1417004048583,0.157894736842105,0.165991902834008,0.17004048582996,0.178137651821862,0.186234817813765
17,"neuroticism",0.131048387096774,0.157258064516129,0.169354838709677,0.175403225806452,0.181451612903226,0.185483870967742
18,"openness",0.146031746031746,0.203174603174603,0.152380952380952,0.187301587301587,0.165079365079365,0.146031746031746
18,"conscientiousness",0.199288256227758,0.149466192170818,0.106761565836299,0.138790035587189,0.195729537366548,0.209964412811388
18,"extraversion",0.127035830618893,0.192182410423453,0.195439739413681,0.127035830618893,0.169381107491857,0.188925081433225
18,"agreeableness",0.191358024691358,0.151234567901235,0.123456790123457,0.160493827160494,0.172839506172839,0.200617283950617
18,"neuroticism",0.117647058823529,0.133986928104575,0.183006535947712,0.205882352941176,0.215686274509804,0.143790849673203
19,"openness",0.119533527696793,0.183673469387755,0.12536443148688,0.14868804664723,0.19533527696793,0.227405247813411
19,"conscientiousness",0.092814371257485,0.188622754491018,0.122754491017964,0.18562874251497,0.206586826347305,0.203592814371257
19,"extraversion",0.124203821656051,0.111464968152866,0.21656050955414,0.159235668789809,0.191082802547771,0.197452229299363
19,"agreeableness",0.126027397260274,0.2,0.178082191780822,0.172602739726027,0.13972602739726,0.183561643835616
19,"neuroticism",0.258741258741259,0.153846153846154,0.13986013986014,0.202797202797203,0.0629370629370629,0.181818181818182
20,"openness",0.142857142857143,0.197278911564626,0.231292517006803,0.197278911564626,0.197278911564626,0.0340136054421769
20,"conscientiousness",0.13903743315508,0.160427807486631,0.117647058823529,0.0748663101604278,0.299465240641711,0.20855614973262
20,"extraversion",0.087248322147651,0.0402684563758389,0.228187919463087,0.402684563758389,0.214765100671141,0.0268456375838926
20,"agreeableness",0.094017094017094,0.0598290598290598,0.188034188034188,0.094017094017094,0.256410256410256,0.307692307692308
20,"neuroticism",0.0666666666666667,0.266666666666667,0.0666666666666667,0.35,0.216666666666667,0.0333333333333333
21,"openness",0.0389972144846797,0.0919220055710306,0.139275766016713,0.20891364902507,0.245125348189415,0.275766016713092
21,"conscientiousness",0.0249221183800623,0.0685358255451713,0.149532710280374,0.205607476635514,0.249221183800623,0.302180685358255
21,"extraversion",0.0230263157894737,0.0657894736842105,0.138157894736842,0.194078947368421,0.266447368421053,0.3125
21,"agreeableness",0.0327380952380952,0.0714285714285714,0.139880952380952,0.208333333333333,0.255952380952381,0.291666666666667
21,"neuroticism",0.0380116959064327,0.0789473684210526,0.14327485380117,0.207602339181287,0.260233918128655,0.271929824561404
22,"openness",0.16,0.24,0.333333333333333,0.186666666666667,0.0666666666666667,0.0133333333333333
22,"conscientiousness",0.0483870967741935,0.161290322580645,0.338709677419355,0.258064516129032,0.145161290322581,0.0483870967741935
22,"extraversion",0.107843137254902,0.196078431372549,0.274509803921569,0.215686274509804,0.127450980392157,0.0784313725490196
22,"agreeableness",0.166666666666667,0.225,0.233333333333333,0.2,0.125,0.05
22,"neuroticism",0.0588235294117647,0.142857142857143,0.243697478991597,0.226890756302521,0.201680672268908,0.126050420168067
23,"openness",0.0601503759398496,0.112781954887218,0.165413533834586,0.210526315789474,0.184210526315789,0.266917293233083
23,"conscientiousness",0.326612903225806,0.209677419354839,0.165322580645161,0.125,0.0887096774193548,0.0846774193548387
23,"extraversion",0.0804020100502513,0.130653266331658,0.175879396984925,0.221105527638191,0.165829145728643,0.226130653266332
23,"agreeableness",0.231231231231231,0.216216216216216,0.177177177177177,0.132132132132132,0.147147147147147,0.0960960960960961
23,"neuroticism",0.0748898678414097,0.101321585903084,0.123348017621145,0.224669603524229,0.259911894273128,0.215859030837004
24,"openness",0.119760479041916,0.191616766467066,0.197604790419162,0.203592814371257,0.209580838323353,0.0778443113772455
24,"conscientiousness",0.0983606557377049,0.213114754098361,0.19672131147541,0.191256830601093,0.202185792349727,0.0983606557377049
24,"extraversion",0.108433734939759,0.186746987951807,0.192771084337349,0.192771084337349,0.198795180722892,0.120481927710843
24,"agreeableness",0.0783132530120482,0.198795180722892,0.198795180722892,0.204819277108434,0.210843373493976,0.108433734939759
24,"neuroticism",0.0685714285714286,0.205714285714286,0.2,0.205714285714286,0.205714285714286,0.114285714285714
25,"openness",0.0742857142857143,0.12,0.182857142857143,0.331428571428571,0.222857142857143,0.0685714285714286
25,"conscientiousness",0.0318471337579618,0.114649681528662,0.21656050955414,0.299363057324841,0.229299363057325,0.10828025477707
25,"extraversion",0.0186335403726708,0.130434782608696,0.192546583850932,0.242236024844721,0.229813664596273,0.186335403726708
25,"agreeableness",0.0645161290322581,0.161290322580645,0.298387096774194,0.282258064516129,0.161290322580645,0.032258064516129
25,"neuroticism",0.112359550561798,0.202247191011236,0.297752808988764,0.219101123595506,0.129213483146067,0.0393258426966292
26,"openness",0.0347826086956522,0.104347826086957,0.0956521739130435,0.11304347826087,0.121739130434783,0.530434782608696
26,"conscientiousness",0.0728476821192053,0.0794701986754967,0.132450331125828,0.47682119205298,0.112582781456954,0.125827814569536
26,"extraversion",0.0388349514563107,0.0388349514563107,0.0485436893203883,0.786407766990291,0.0485436893203883,0.0388349514563107
26,"agreeableness",0.11965811965812,0.504273504273504,0.0769230769230769,0.094017094017094,0.094017094017094,0.111111111111111
26,"neuroticism",0.0933333333333333,0.0933333333333333,0.38,0.14,0.153333333333333,0.14
27,"openness",0.0817610062893082,0.113207547169811,0.19496855345912,0.421383647798742,0.169811320754717,0.0188679245283019
27,"conscientiousness",0.0268456375838926,0.10738255033557,0.214765100671141,0.416107382550336,0.201342281879195,0.0335570469798658
27,"extraversion",0.0384615384615385,0.134615384615385,0.282051282051282,0.442307692307692,0.0833333333333333,0.0192307692307692
27,"agreeableness",0.0145985401459854,0.0583941605839416,0.153284671532847,0.291970802919708,0.45985401459854,0.0218978102189781
27,"neuroticism",0.0722222222222222,0.316666666666667,0.244444444444444,0.177777777777778,0.127777777777778,0.0611111111111111
28,"openness",0.467532467532468,0.162337662337662,0.162337662337662,0.103896103896104,0.051948051948052,0.051948051948052
28,"conscientiousness",0.489583333333333,0.34375,0.0729166666666667,0.0416666666666667,0.03125,0.0208333333333333
28,"extraversion",0.0472972972972973,0.304054054054054,0.256756756756757,0.202702702702703,0.141891891891892,0.0472972972972973
28,"agreeableness",0.0414507772020725,0.0932642487046632,0.150259067357513,0.238341968911917,0.310880829015544,0.16580310880829
28,"neuroticism",0.0219435736677116,0.0909090909090909,0.150470219435737,0.191222570532915,0.25705329153605,0.288401253918495
29,"openness",0.0403587443946188,0.103139013452915,0.219730941704036,0.318385650224215,0.2152466367713,0.103139013452915
29,"conscientiousness",0.0782608695652174,0.139130434782609,0.2,0.291304347826087,0.191304347826087,0.1
29,"extraversion",0.142259414225941,0.205020920502092,0.284518828451883,0.213389121338912,0.121338912133891,0.0334728033472803
29,"agreeableness",0.045045045045045,0.135135135135135,0.216216216216216,0.333333333333333,0.193693693693694,0.0765765765765766
29,"neuroticism",0.360730593607306,0.28310502283105,0.187214611872146,0.0958904109589041,0.045662100456621,0.0273972602739726
30,"openness",0.0553745928338762,0.123778501628664,0.166123778501629,0.205211726384365,0.218241042345277,0.231270358306189
30,"conscientiousness",0.151234567901235,0.20679012345679,0.212962962962963,0.185185185185185,0.160493827160494,0.0833333333333333
30,"extraversion",0.107569721115538,0.290836653386454,0.250996015936255,0.0916334661354582,0.143426294820717,0.115537848605578
30,"agreeableness",0.152354570637119,0.168975069252078,0.160664819944598,0.182825484764543,0.130193905817175,0.204986149584488
30,"neuroticism",0.10431654676259,0.122302158273381,0.169064748201439,0.122302158273381,0.212230215827338,0.26978417266187
31,"openness",0.014760147601476,0.033210332103321,0.151291512915129,0.324723247232472,0.25830258302583,0.217712177121771
31,"conscientiousness",0.117647058823529,0.165775401069519,0.304812834224599,0.299465240641711,0.0802139037433155,0.0320855614973262
31,"extraversion",0.0294117647058824,0.0784313725490196,0.142156862745098,0.196078431372549,0.25,0.303921568627451
31,"agreeableness",0.072289156626506,0.0963855421686747,0.261044176706827,0.228915662650602,0.196787148594378,0.144578313253012
31,"neuroticism",0.028735632183908,0.0747126436781609,0.293103448275862,0.275862068965517,0.21264367816092,0.114942528735632
32,"openness",0.281879194630872,0.228187919463087,0.187919463087248,0.140939597315436,0.0939597315436242,0.0671140939597315
32,"conscientiousness",0.285714285714286,0.238095238095238,0.18452380952381,0.142857142857143,0.0892857142857143,0.0595238095238095
32,"extraversion",0.262886597938144,0.216494845360825,0.175257731958763,0.144329896907216,0.11340206185567,0.0876288659793814
32,"agreeableness",0.327586206896552,0.247126436781609,0.172413793103448,0.109195402298851,0.0804597701149425,0.0632183908045977
32,"neuroticism",0.270967741935484,0.225806451612903,0.193548387096774,0.141935483870968,0.0967741935483871,0.0709677419354839
33,"openness",0.0343137254901961,0.137254901960784,0.269607843137255,0.299019607843137,0.200980392156863,0.0588235294117647
33,"conscientiousness",0.0329218106995885,0.135802469135802,0.197530864197531,0.246913580246914,0.288065843621399,0.0987654320987654
33,"extraversion",0.186885245901639,0.163934426229508,0.163934426229508,0.226229508196721,0.186885245901639,0.0721311475409836
33,"agreeableness",0.0560344827586207,0.142241379310345,0.202586206896552,0.306034482758621,0.245689655172414,0.0474137931034483
33,"neuroticism",0.367021276595745,0.303191489361702,0.159574468085106,0.074468085106383,0.0585106382978723,0.0372340425531915
34,"openness",0.022140221402214,0.0811808118081181,0.25830258302583,0.22140221402214,0.214022140221402,0.202952029520295
34,"conscientiousness",0.32,0.294545454545455,0.229090909090909,0.0727272727272727,0.0581818181818182,0.0254545454545455
34,"extraversion",0.0303951367781155,0.155015197568389,0.173252279635258,0.200607902735562,0.21580547112462,0.224924012158055
34,"agreeableness",0.236923076923077,0.209230769230769,0.169230769230769,0.184615384615385,0.116923076923077,0.0830769230769231
34,"neuroticism",0.120996441281139,0.135231316725979,0.202846975088968,0.170818505338078,0.181494661921708,0.188612099644128
35,"openness",0.0148148148148148,0.0518518518518519,0.1,0.337037037037037,0.314814814814815,0.181481481481481
35,"conscientiousness",0.0198019801980198,0.0594059405940594,0.194719471947195,0.3003300330033,0.264026402640264,0.161716171617162
35,"extraversion",0.0790378006872852,0.206185567010309,0.302405498281787,0.206185567010309,0.134020618556701,0.0721649484536082
35,"agreeableness",0.0592885375494071,0.114624505928854,0.24901185770751,0.316205533596838,0.213438735177866,0.0474308300395257
35,"neuroticism",0.203571428571429,0.257142857142857,0.257142857142857,0.146428571428571,0.0892857142857143,0.0464285714285714
36,"openness",0.0112781954887218,0.018796992481203,0.093984962406015,0.154135338345865,0.345864661654135,0.37593984962406
36,"conscientiousness",0.0240963855421687,0.036144578313253,0.0522088353413655,0.152610441767068,0.337349397590361,0.397590361445783
36,"extraversion",0.0424710424710425,0.0810810810810811,0.138996138996139,0.281853281853282,0.239382239382239,0.216216216216216
36,"agreeableness",0.0210084033613445,0.0210084033613445,0.0672268907563025,0.151260504201681,0.323529411764706,0.415966386554622
36,"neuroticism",0.0178571428571429,0.0535714285714286,0.303571428571429,0.25,0.196428571428571,0.178571428571429
37,"openness",0.171140939597315,0.214765100671141,0.0201342281879195,0.177852348993289,0.191275167785235,0.224832214765101
37,"conscientiousness",0.0232558139534884,0.232558139534884,0.325581395348837,0.209302325581395,0.0581395348837209,0.151162790697674
37,"extraversion",0.0335195530726257,0.217877094972067,0.206703910614525,0.346368715083799,0.11731843575419,0.0782122905027933
37,"agreeableness",0.444444444444444,0.152777777777778,0.166666666666667,0.0763888888888889,0.131944444444444,0.0277777777777778
37,"neuroticism",0.106598984771574,0.0456852791878173,0.157360406091371,0.355329949238579,0.157360406091371,0.177664974619289
38,"openness",0.106382978723404,0.155015197568389,0.209726443768997,0.200607902735562,0.167173252279635,0.161094224924012
38,"conscientiousness",0.0654545454545455,0.138181818181818,0.196363636363636,0.243636363636364,0.2,0.156363636363636
38,"extraversion",0.0386100386100386,0.11969111969112,0.212355212355212,0.250965250965251,0.223938223938224,0.154440154440154
38,"agreeableness",0.0384615384615385,0.115384615384615,0.205128205128205,0.294871794871795,0.230769230769231,0.115384615384615
38,"neuroticism",0.0543478260869565,0.168478260869565,0.277173913043478,0.233695652173913,0.179347826086957,0.0869565217391304
39,"openness",0.0854700854700855,0.179487179487179,0.11965811965812,0.256410256410256,0.205128205128205,0.153846153846154
39,"conscientiousness",0.217687074829932,0.170068027210884,0.156462585034014,0.142857142857143,0.17687074829932,0.136054421768707
39,"extraversion",0.116666666666667,0.15,0.2,0.158333333333333,0.225,0.15
39,"agreeableness",0.0863309352517986,0.0719424460431655,0.143884892086331,0.223021582733813,0.280575539568345,0.194244604316547
39,"neuroticism",0.205645161290323,0.181451612903226,0.173387096774194,0.137096774193548,0.141129032258065,0.161290322580645
40,"openness",0.0258064516129032,0.0483870967741935,0.206451612903226,0.274193548387097,0.251612903225806,0.193548387096774
40,"conscientiousness",0.0517241379310345,0.0718390804597701,0.117816091954023,0.25,0.270114942528736,0.238505747126437
40,"extraversion",0.140893470790378,0.127147766323024,0.199312714776632,0.233676975945017,0.175257731958763,0.123711340206186
40,"agreeableness",0.0388349514563107,0.0323624595469256,0.0809061488673139,0.258899676375405,0.281553398058252,0.307443365695793
40,"neuroticism",0.0494296577946768,0.0494296577946768,0.0304182509505703,0.262357414448669,0.334600760456274,0.273764258555133
41,"openness",0.0368852459016393,0.0204918032786885,0.0327868852459016,0.405737704918033,0.295081967213115,0.209016393442623
41,"conscientiousness",0.228310502283105,0.228310502283105,0.228310502283105,0.182648401826484,0.107305936073059,0.0251141552511416
41,"extraversion",0.0304878048780488,0.0518292682926829,0.304878048780488,0.304878048780488,0.201219512195122,0.106707317073171
41,"agreeableness",0.0778816199376947,0.0841121495327103,0.311526479750779,0.311526479750779,0.168224299065421,0.0467289719626168
41,"neuroticism",0.180602006688963,0.197324414715719,0.247491638795987,0.177257525083612,0.173913043478261,0.0234113712374582
42,"openness",0.0473933649289099,0.156398104265403,0.37914691943128,0.308056872037915,0.0995260663507109,0.00947867298578199
42,"conscientiousness",0.2,0.28936170212766,0.285106382978723,0.178723404255319,0.0382978723404255,0.00851063829787234
42,"extraversion",0.0985401459854015,0.27007299270073,0.328467153284672,0.18978102189781,0.0766423357664234,0.0364963503649635
42,"agreeableness",0.0708661417322835,0.153543307086614,0.338582677165354,0.295275590551181,0.110236220472441,0.031496062992126
42,"neuroticism",0.267857142857143,0.330357142857143,0.236607142857143,0.120535714285714,0.03125,0.0133928571428571
43,"openness",0.177057356608479,0.144638403990025,0.184538653366584,0.162094763092269,0.14713216957606,0.184538653366584
43,"conscientiousness",0.164835164835165,0.149450549450549,0.184615384615385,0.162637362637363,0.184615384615385,0.153846153846154
43,"extraversion",0.0828571428571429,0.14,0.2,0.165714285714286,0.22,0.191428571428571
43,"agreeableness",0.149171270718232,0.19060773480663,0.168508287292818,0.140883977900552,0.19060773480663,0.160220994475138
43,"neuroticism",0.102209944751381,0.187845303867403,0.151933701657459,0.212707182320442,0.187845303867403,0.157458563535912
44,"openness",0.0948509485094851,0.124661246612466,0.173441734417344,0.208672086720867,0.211382113821138,0.186991869918699
44,"conscientiousness",0.0690789473684211,0.148026315789474,0.203947368421053,0.197368421052632,0.236842105263158,0.144736842105263
44,"extraversion",0.0415094339622641,0.113207547169811,0.169811320754717,0.188679245283019,0.207547169811321,0.279245283018868
44,"agreeableness",0.0511363636363636,0.1875,0.184659090909091,0.178977272727273,0.207386363636364,0.190340909090909
44,"neuroticism",0.0616438356164384,0.195205479452055,0.212328767123288,0.191780821917808,0.232876712328767,0.106164383561644
45,"openness",0.08,0.133333333333333,0.346666666666667,0.246666666666667,0.153333333333333,0.04
45,"conscientiousness",0.01875,0.0625,0.1,0.35,0.2875,0.18125
45,"extraversion",0.164948453608247,0.170103092783505,0.164948453608247,0.170103092783505,0.170103092783505,0.15979381443299
45,"agreeableness",0.0314465408805031,0.10062893081761,0.182389937106918,0.333333333333333,0.257861635220126,0.0943396226415094
45,"neuroticism",0.336996336996337,0.241758241758242,0.19047619047619,0.128205128205128,0.0879120879120879,0.0146520146520147
46,"openness",0.273556231003039,0.112462006079027,0.0729483282674772,0.170212765957447,0.212765957446809,0.158054711246201
46,"conscientiousness",0.160337552742616,0.194092827004219,0.244725738396624,0.156118143459916,0.130801687763713,0.113924050632911
46,"extraversion",0.107744107744108,0.171717171717172,0.205387205387205,0.175084175084175,0.259259259259259,0.0808080808080808
46,"agreeableness",0.176470588235294,0.188235294117647,0.223529411764706,0.194117647058824,0.138235294117647,0.0794117647058823
46,"neuroticism",0.235588972431078,0.172932330827068,0.18796992481203,0.167919799498747,0.0827067669172932,0.152882205513784
47,"openness",0.0537634408602151,0.21505376344086,0.236559139784946,0.236559139784946,0.204301075268817,0.0537634408602151
47,"conscientiousness",0.0526315789473684,0.144736842105263,0.243421052631579,0.203947368421053,0.230263157894737,0.125
47,"extraversion",0.0642857142857143,0.185714285714286,0.178571428571429,0.314285714285714,0.157142857142857,0.1
47,"agreeableness",0.0635838150289017,0.167630057803468,0.213872832369942,0.184971098265896,0.23121387283237,0.138728323699422
47,"neuroticism",0.09375,0.208333333333333,0.1875,0.244791666666667,0.151041666666667,0.114583333333333
48,"openness",0.0769230769230769,0.160839160839161,0.258741258741259,0.34965034965035,0.0909090909090909,0.0629370629370629
48,"conscientiousness",0.0561797752808989,0.106741573033708,0.235955056179775,0.325842696629214,0.247191011235955,0.0280898876404494
48,"extraversion",0.0407239819004525,0.108597285067873,0.16289592760181,0.253393665158371,0.294117647058824,0.14027149321267
48,"agreeableness",0.0392156862745098,0.0941176470588235,0.164705882352941,0.23921568627451,0.247058823529412,0.215686274509804
48,"neuroticism",0.258389261744966,0.271812080536913,0.268456375838926,0.120805369127517,0.0570469798657718,0.023489932885906
49,"openness",0.0534351145038168,0.099236641221374,0.274809160305344,0.297709923664122,0.213740458015267,0.0610687022900763
49,"conscientiousness",0.0655737704918033,0.172131147540984,0.237704918032787,0.245901639344262,0.204918032786885,0.0737704918032787
49,"extraversion",0.0347826086956522,0.182608695652174,0.260869565217391,0.260869565217391,0.2,0.0608695652173913
49,"agreeableness",0.0666666666666667,0.116666666666667,0.258333333333333,0.266666666666667,0.225,0.0666666666666667
49,"neuroticism",0.025,0.125,0.25,0.275,0.2125,0.1125
50,"openness",0.191214470284238,0.186046511627907,0.129198966408269,0.178294573643411,0.157622739018088,0.157622739018088
50,"conscientiousness",0.165354330708661,0.181102362204724,0.161417322834646,0.181102362204724,0.153543307086614,0.15748031496063
50,"extraversion",0.161290322580645,0.161290322580645,0.163978494623656,0.163978494623656,0.172043010752688,0.17741935483871
50,"agreeableness",0.101333333333333,0.202666666666667,0.112,0.213333333333333,0.234666666666667,0.136
50,"neuroticism",0.15625,0.171875,0.166015625,0.162109375,0.158203125,0.185546875
