"subject","trial","trait","observed_score","counterfactual_0","counterfactual_20","counterfactual_40","counterfactual_60","counterfactual_80","counterfactual_100","total_failed_attention_checks"
1,1,"neuroticism",60,0,0,40,NA,11,0,0
1,2,"extraversion",40,0,0,NA,39,20,0,0
1,3,"extraversion",20,0,NA,0,0,0,0,0
1,4,"conscientiousness",20,0,NA,21,0,0,0,0
1,5,"agreeableness",100,0,0,0,0,69,NA,0
1,6,"neuroticism",40,0,21,NA,21,0,0,0
1,7,"conscientiousness",0,NA,11,22,11,0,0,0
1,8,"extraversion",0,NA,19,11,0,0,0,0
1,9,"neuroticism",80,0,0,0,0,NA,79,0
1,10,"openness",0,NA,20,11,0,0,0,0
1,11,"agreeableness",20,0,NA,30,10,0,0,0
1,12,"conscientiousness",100,0,0,0,0,79,NA,0
1,13,"extraversion",100,0,0,0,0,79,NA,0
1,14,"agreeableness",0,NA,22,10,0,0,0,0
1,15,"neuroticism",0,NA,21,11,0,0,0,0
1,16,"agreeableness",60,0,0,31,NA,60,20,0
1,17,"openness",60,0,0,30,NA,59,11,0
1,18,"conscientiousness",80,0,0,0,10,NA,80,0
1,19,"openness",40,0,11,NA,62,40,21,0
1,20,"openness",80,0,0,0,20,NA,79,0
1,21,"openness",100,0,0,0,10,70,NA,0
1,22,"extraversion",80,0,0,10,29,NA,58,0
1,23,"agreeableness",80,0,0,0,60,NA,78,0
1,24,"extraversion",60,0,0,21,NA,69,50,0
1,25,"neuroticism",20,40,NA,61,20,0,0,0
1,26,"conscientiousness",40,0,60,NA,61,0,0,0
1,27,"conscientiousness",60,0,9,30,NA,0,0,0
1,28,"agreeableness",40,0,20,NA,12,0,0,0
1,29,"openness",20,0,NA,60,20,0,0,0
1,30,"neuroticism",100,0,0,21,69,79,NA,0
2,1,"neuroticism",20,69,NA,60,30,11,1,0
2,2,"openness",40,15,60,NA,69,31,11,0
2,3,"neuroticism",100,0,7,20,45,73,NA,0
2,4,"conscientiousness",60,7,20,60,NA,70,16,0
2,5,"openness",0,NA,63,35,16,5,1,0
2,6,"conscientiousness",40,11,55,NA,65,27,6,0
2,7,"neuroticism",80,2,6,16,54,NA,73,0
2,8,"neuroticism",60,6,17,53,NA,69,27,0
2,9,"openness",20,55,NA,60,30,11,3,0
2,10,"extraversion",20,55,NA,60,30,8,1,0
2,11,"neuroticism",40,11,54,NA,65,25,6,0
2,12,"agreeableness",60,6,15,54,NA,69,21,0
2,13,"extraversion",100,1,5,14,26,69,NA,0
2,14,"conscientiousness",80,3,6,20,63,NA,73,0
2,15,"extraversion",0,NA,70,20,7,2,0,0
2,16,"neuroticism",0,NA,63,25,9,3,1,0
2,17,"extraversion",60,6,20,59,NA,69,16,0
2,18,"conscientiousness",0,NA,59,30,10,5,0,0
2,19,"openness",60,5,20,49,NA,70,16,0
2,20,"agreeableness",100,0,5,10,31,69,NA,0
2,21,"extraversion",40,10,41,NA,59,21,6,0
2,22,"conscientiousness",20,31,NA,49,35,10,6,0
2,23,"agreeableness",0,NA,65,30,15,6,0,0
2,24,"openness",80,10,20,39,69,NA,88,0
2,25,"extraversion",80,11,21,40,70,NA,88,0
2,26,"conscientiousness",100,5,10,25,50,73,NA,0
2,27,"openness",100,6,11,21,45,69,NA,0
2,28,"agreeableness",20,50,NA,54,26,11,5,0
2,29,"agreeableness",40,10,40,NA,60,21,6,0
2,30,"agreeableness",80,5,17,30,60,NA,69,0
3,1,"agreeableness",0,NA,81,51,24,9,2,0
3,2,"extraversion",80,0,6,31,81,NA,84,0
3,3,"neuroticism",40,2,47,NA,77,55,40,0
3,4,"conscientiousness",80,1,9,51,76,NA,77,0
3,5,"conscientiousness",20,1,NA,83,69,21,6,0
3,6,"extraversion",0,NA,5,5,5,3,3,0
3,7,"conscientiousness",0,NA,5,5,7,3,2,0
3,8,"openness",80,1,17,46,83,NA,81,0
3,9,"neuroticism",80,1,8,46,86,NA,85,0
3,10,"openness",60,1,25,88,NA,90,88,0
3,11,"agreeableness",40,0,80,NA,81,63,52,0
3,12,"extraversion",40,0,73,NA,78,59,27,0
3,13,"conscientiousness",60,1,32,79,NA,80,54,0
3,14,"neuroticism",20,6,NA,55,25,7,3,0
3,15,"neuroticism",60,0,24,69,NA,75,35,0
3,16,"openness",100,0,9,31,68,91,NA,0
3,17,"agreeableness",100,0,11,33,59,91,NA,0
3,18,"neuroticism",0,NA,11,6,5,5,4,0
3,19,"conscientiousness",40,2,66,NA,69,43,33,0
3,20,"conscientiousness",100,0,56,41,16,8,NA,0
3,21,"openness",0,NA,48,29,14,11,0,0
3,22,"openness",20,68,NA,63,50,35,7,0
3,23,"neuroticism",100,0,13,44,67,84,NA,0
3,24,"agreeableness",60,1,31,57,NA,72,63,0
3,25,"extraversion",100,0,22,42,65,85,NA,0
3,26,"agreeableness",80,1,17,42,76,NA,75,0
3,27,"agreeableness",20,57,NA,46,33,23,14,0
3,28,"extraversion",60,2,22,54,NA,74,66,0
3,29,"openness",40,2,71,NA,66,58,51,0
3,30,"extraversion",20,78,NA,71,51,23,3,0
4,1,"extraversion",0,NA,89,39,23,15,0,0
4,2,"conscientiousness",100,0,10,20,63,81,NA,0
4,3,"neuroticism",60,12,21,39,NA,69,87,0
4,4,"conscientiousness",60,11,21,39,NA,71,75,0
4,5,"conscientiousness",80,2,7,36,72,NA,86,0
4,6,"extraversion",20,89,NA,50,24,12,3,0
4,7,"neuroticism",40,53,65,NA,59,48,20,0
4,8,"openness",60,10,19,29,NA,77,86,0
4,9,"conscientiousness",20,71,NA,50,38,24,11,0
4,10,"neuroticism",0,NA,39,36,30,19,0,0
4,11,"extraversion",40,61,55,NA,46,31,17,0
4,12,"extraversion",100,0,21,39,59,80,NA,0
4,13,"agreeableness",100,0,19,39,59,89,NA,0
4,14,"extraversion",80,3,18,30,60,NA,85,0
4,15,"neuroticism",20,82,NA,70,42,24,0,0
4,16,"extraversion",60,12,20,39,NA,66,76,0
4,17,"openness",0,NA,79,59,30,22,0,0
4,18,"openness",100,0,19,40,59,83,NA,0
4,19,"neuroticism",80,13,20,39,72,NA,85,0
4,20,"openness",20,79,NA,71,48,27,2,0
4,21,"agreeableness",80,6,19,38,65,NA,80,0
4,22,"conscientiousness",0,NA,79,60,39,23,0,0
4,23,"agreeableness",20,82,NA,70,47,29,3,0
4,24,"conscientiousness",40,78,71,NA,63,41,11,0
4,25,"agreeableness",0,NA,78,59,38,21,0,0
4,26,"openness",80,10,23,40,61,NA,81,0
4,27,"neuroticism",100,0,20,37,66,81,NA,0
4,28,"agreeableness",40,78,70,NA,69,37,14,0
4,29,"agreeableness",60,13,21,57,NA,59,45,0
4,30,"openness",40,10,48,NA,58,56,30,0
5,1,"agreeableness",20,0,NA,16,2,0,0,0
5,2,"agreeableness",100,0,0,0,0,20,NA,0
5,3,"extraversion",0,NA,50,2,0,0,0,0
5,4,"neuroticism",60,0,11,50,NA,50,3,0
5,5,"openness",0,NA,60,6,0,0,0,0
5,6,"openness",20,2,NA,50,5,0,0,0
5,7,"agreeableness",0,NA,75,15,5,0,0,0
5,8,"extraversion",40,0,16,NA,35,2,0,0
5,9,"conscientiousness",40,0,8,NA,25,6,0,0
5,10,"conscientiousness",100,0,0,0,3,13,NA,0
5,11,"neuroticism",20,33,NA,49,17,5,0,0
5,12,"neuroticism",80,0,0,6,50,NA,13,0
5,13,"agreeableness",40,0,50,NA,50,15,0,0
5,14,"conscientiousness",80,0,0,5,50,NA,16,0
5,15,"agreeableness",80,0,0,0,45,NA,7,0
5,16,"extraversion",20,11,NA,50,5,0,0,0
5,17,"openness",40,0,50,NA,40,0,0,0
5,18,"neuroticism",40,6,49,NA,50,26,6,0
5,19,"openness",60,0,7,50,NA,49,2,0
5,20,"neuroticism",0,NA,79,50,34,17,0,0
5,21,"conscientiousness",20,50,NA,49,15,0,0,0
5,22,"conscientiousness",0,NA,65,25,3,0,0,0
5,23,"extraversion",80,0,0,6,49,NA,35,0
5,24,"extraversion",60,0,4,50,NA,50,2,0
5,25,"conscientiousness",60,0,7,45,NA,45,5,0
5,26,"openness",80,0,0,3,49,NA,16,0
5,27,"agreeableness",60,0,6,49,NA,50,11,0
5,28,"openness",100,0,0,0,5,50,NA,0
5,29,"extraversion",100,0,0,0,16,50,NA,0
5,30,"neuroticism",100,0,2,17,27,50,NA,0
6,1,"agreeableness",40,55,70,NA,54,35,53,1
6,2,"extraversion",40,33,51,NA,72,40,62,1
6,3,"agreeableness",60,82,66,80,NA,77,54,1
6,4,"conscientiousness",100,50,77,92,63,68,NA,1
6,5,"openness",80,51,88,100,83,NA,75,1
6,6,"agreeableness",80,52,85,91,67,NA,66,1
6,7,"neuroticism",40,63,91,NA,73,72,90,1
6,8,"openness",20,63,NA,49,82,83,44,1
6,9,"agreeableness",100,54,79,54,45,61,NA,1
6,10,"neuroticism",20,49,NA,82,58,78,66,1
6,11,"conscientiousness",80,45,65,45,63,NA,45,1
6,12,"openness",60,35,72,48,NA,52,76,1
6,13,"conscientiousness",60,43,72,41,NA,59,56,1
6,14,"openness",100,53,75,55,43,67,NA,1
6,15,"openness",40,94,61,NA,98,96,82,1
6,16,"conscientiousness",20,38,NA,68,63,36,66,1
6,17,"extraversion",100,90,60,81,78,55,NA,1
6,18,"conscientiousness",0,NA,59,79,79,44,63,1
6,19,"extraversion",80,48,69,69,50,NA,66,1
6,20,"extraversion",20,89,NA,68,73,56,80,1
6,21,"neuroticism",60,42,81,63,NA,63,44,1
6,22,"extraversion",0,NA,20,1,17,21,17,1
6,23,"agreeableness",0,NA,59,50,31,51,63,1
6,24,"openness",0,NA,27,48,34,33,58,1
6,25,"neuroticism",0,NA,33,61,40,50,53,1
6,26,"extraversion",60,65,25,46,NA,61,46,1
6,27,"conscientiousness",40,57,80,NA,43,58,46,1
6,28,"neuroticism",80,63,33,63,43,NA,61,1
6,29,"neuroticism",100,44,69,44,41,52,NA,1
6,30,"agreeableness",20,63,NA,40,57,69,46,1
7,1,"extraversion",80,0,0,0,59,NA,59,0
7,2,"agreeableness",20,21,NA,20,11,0,0,0
7,3,"openness",0,NA,10,10,0,0,0,0
7,4,"extraversion",20,11,NA,11,0,0,0,0
7,5,"agreeableness",40,10,11,NA,40,0,0,0
7,6,"agreeableness",0,NA,11,4,0,0,0,0
7,7,"agreeableness",80,0,0,10,50,NA,50,0
7,8,"openness",20,11,NA,11,5,0,0,0
7,9,"extraversion",40,11,20,NA,50,11,0,0
7,10,"neuroticism",80,0,0,0,69,NA,88,0
7,11,"openness",80,0,0,0,59,NA,59,0
7,12,"extraversion",0,NA,5,2,0,0,0,0
7,13,"conscientiousness",20,5,NA,5,1,0,0,0
7,14,"conscientiousness",40,0,11,NA,20,0,0,0
7,15,"openness",60,0,0,30,NA,50,29,0
7,16,"openness",40,0,11,NA,50,10,0,0
7,17,"agreeableness",60,0,0,11,NA,59,10,0
7,18,"openness",100,0,0,0,50,79,NA,0
7,19,"conscientiousness",80,0,0,0,59,NA,60,0
7,20,"extraversion",60,0,0,0,NA,50,30,0
7,21,"neuroticism",20,4,NA,5,0,0,0,0
7,22,"extraversion",100,0,0,0,11,89,NA,0
7,23,"neuroticism",0,NA,5,2,0,0,0,0
7,24,"neuroticism",40,0,11,NA,6,0,0,0
7,25,"conscientiousness",60,0,0,11,NA,40,11,0
7,26,"agreeableness",100,0,0,0,30,88,NA,0
7,27,"neuroticism",60,0,0,11,NA,40,9,0
7,28,"neuroticism",100,0,0,0,0,98,NA,0
7,29,"conscientiousness",0,NA,2,0,0,0,0,0
7,30,"conscientiousness",100,0,0,0,5,88,NA,0
8,1,"neuroticism",100,0,4,8,37,83,NA,0
8,2,"agreeableness",20,72,NA,28,7,4,0,0
8,3,"extraversion",60,4,13,62,NA,31,24,0
8,4,"openness",20,8,NA,24,2,0,0,0
8,5,"conscientiousness",0,NA,9,3,0,0,0,0
8,6,"agreeableness",40,12,20,NA,55,36,14,0
8,7,"neuroticism",20,72,NA,57,14,5,0,0
8,8,"openness",60,1,19,57,NA,48,18,0
8,9,"neuroticism",80,9,16,23,36,NA,56,0
8,10,"agreeableness",100,0,4,10,53,92,NA,0
8,11,"extraversion",80,1,6,19,62,NA,73,0
8,12,"neuroticism",60,7,21,57,NA,55,44,0
8,13,"openness",0,NA,21,10,5,3,0,0
8,14,"conscientiousness",100,0,10,21,34,84,NA,0
8,15,"openness",40,13,26,NA,53,37,10,0
8,16,"conscientiousness",20,66,NA,54,29,0,0,0
8,17,"neuroticism",0,NA,11,5,0,0,0,0
8,18,"openness",100,0,4,10,27,89,NA,0
8,19,"neuroticism",40,16,44,NA,30,5,0,0
8,20,"agreeableness",60,9,17,64,NA,55,27,0
8,21,"conscientiousness",40,8,23,NA,25,16,7,0
8,22,"conscientiousness",60,6,13,33,NA,37,24,0
8,23,"agreeableness",0,NA,22,6,3,0,0,0
8,24,"extraversion",0,NA,14,7,4,0,0,0
8,25,"conscientiousness",80,0,8,19,44,NA,76,0
8,26,"extraversion",20,35,NA,26,15,2,0,0
8,27,"extraversion",40,20,36,NA,34,17,7,0
8,28,"extraversion",100,0,4,16,23,54,NA,0
8,29,"openness",80,0,4,15,34,NA,62,0
8,30,"agreeableness",80,1,9,15,42,NA,63,0
9,1,"neuroticism",100,100,88,60,39,19,NA,0
9,2,"conscientiousness",80,90,70,50,20,NA,4,0
9,3,"extraversion",100,100,89,59,30,11,NA,0
9,4,"agreeableness",20,11,NA,25,40,50,59,0
9,5,"agreeableness",40,30,41,NA,51,31,11,0
9,6,"extraversion",60,69,79,89,NA,79,69,0
9,7,"conscientiousness",0,NA,20,12,0,0,0,0
9,8,"openness",20,50,NA,21,0,0,0,0
9,9,"agreeableness",60,49,60,70,NA,30,0,0
9,10,"agreeableness",100,100,100,50,30,0,NA,0
9,11,"conscientiousness",100,100,100,49,30,11,NA,0
9,12,"neuroticism",80,88,69,49,30,NA,8,0
9,13,"neuroticism",20,100,NA,49,29,10,0,0
9,14,"neuroticism",0,NA,78,59,39,20,0,0
9,15,"openness",80,100,90,60,39,NA,22,0
9,16,"conscientiousness",40,100,80,NA,59,40,20,0
9,17,"openness",60,89,73,50,NA,26,5,0
9,18,"extraversion",0,NA,88,30,20,12,0,0
9,19,"extraversion",80,100,88,50,20,NA,0,0
9,20,"openness",40,100,74,NA,39,28,5,0
9,21,"openness",100,100,89,31,19,10,NA,0
9,22,"agreeableness",0,NA,69,30,20,10,0,0
9,23,"extraversion",20,90,NA,50,30,15,0,0
9,24,"neuroticism",60,89,79,31,NA,19,5,0
9,25,"conscientiousness",20,100,NA,30,20,11,0,0
9,26,"neuroticism",40,88,69,NA,41,21,0,0
9,27,"conscientiousness",60,90,69,30,NA,20,3,0
9,28,"openness",0,NA,100,20,10,4,0,0
9,29,"agreeableness",80,100,84,49,30,NA,10,0
9,30,"extraversion",40,89,79,NA,49,30,10,0
10,1,"neuroticism",60,0,0,40,NA,53,31,0
10,2,"openness",0,NA,69,29,3,0,0,0
10,3,"agreeableness",0,NA,17,9,0,0,0,0
10,4,"agreeableness",40,2,21,NA,61,37,15,0
10,5,"extraversion",80,0,0,16,74,NA,60,0
10,6,"agreeableness",20,43,NA,44,21,9,0,0
10,7,"extraversion",60,0,6,51,NA,61,32,0
10,8,"extraversion",20,37,NA,61,32,13,5,0
10,9,"conscientiousness",40,6,35,NA,59,24,9,0
10,10,"openness",40,0,9,NA,38,16,4,0
10,11,"extraversion",40,9,51,NA,62,28,6,0
10,12,"openness",80,0,5,34,70,NA,61,0
10,13,"conscientiousness",100,0,0,0,10,80,NA,0
10,14,"neuroticism",20,20,NA,47,12,5,0,0
10,15,"neuroticism",80,0,0,4,71,NA,63,0
10,16,"conscientiousness",80,0,0,9,70,NA,70,0
10,17,"conscientiousness",20,19,NA,50,28,12,4,0
10,18,"neuroticism",40,11,54,NA,61,38,5,0
10,19,"conscientiousness",0,NA,49,37,23,0,0,0
10,20,"conscientiousness",60,0,7,69,NA,70,40,0
10,21,"agreeableness",100,0,0,16,35,74,NA,0
10,22,"extraversion",100,0,0,0,36,80,NA,0
10,23,"agreeableness",60,0,9,79,NA,76,41,0
10,24,"openness",100,0,0,8,29,87,NA,0
10,25,"agreeableness",80,0,0,33,77,NA,65,0
10,26,"neuroticism",0,NA,61,37,12,7,0,0
10,27,"neuroticism",100,0,0,0,33,87,NA,0
10,28,"openness",20,49,NA,73,18,6,0,0
10,29,"openness",60,0,7,65,NA,65,40,0
10,30,"extraversion",0,NA,70,37,12,0,0,0
11,1,"conscientiousness",60,0,5,41,NA,55,4,0
11,2,"conscientiousness",0,NA,87,14,0,0,1,0
11,3,"openness",0,NA,90,10,0,0,0,0
11,4,"openness",80,3,3,1,51,NA,79,0
11,5,"conscientiousness",80,2,1,26,60,NA,82,0
11,6,"extraversion",100,0,0,0,71,88,NA,0
11,7,"agreeableness",80,0,0,0,52,NA,90,0
11,8,"neuroticism",40,6,16,NA,44,33,1,0
11,9,"neuroticism",0,NA,91,21,0,0,1,0
11,10,"agreeableness",0,NA,87,84,0,0,0,0
11,11,"openness",60,0,2,31,NA,49,1,0
11,12,"openness",40,0,13,NA,43,20,0,0
11,13,"extraversion",80,0,2,7,51,NA,38,0
11,14,"conscientiousness",100,0,0,6,23,86,NA,0
11,15,"agreeableness",100,0,0,2,36,87,NA,0
11,16,"agreeableness",20,20,NA,35,6,1,0,0
11,17,"openness",100,0,0,13,48,86,NA,0
11,18,"openness",20,13,NA,33,5,0,0,0
11,19,"extraversion",40,0,23,NA,46,17,2,0
11,20,"neuroticism",20,9,NA,33,5,0,0,0
11,21,"agreeableness",60,1,18,54,NA,40,5,0
11,22,"neuroticism",100,0,0,12,33,84,NA,0
11,23,"conscientiousness",40,1,22,NA,53,11,0,0
11,24,"neuroticism",60,0,16,56,NA,42,0,0
11,25,"extraversion",20,5,NA,37,16,0,0,0
11,26,"conscientiousness",20,4,NA,47,13,0,0,0
11,27,"extraversion",60,0,3,40,NA,57,3,0
11,28,"extraversion",0,NA,86,22,2,0,0,0
11,29,"neuroticism",80,0,2,5,67,NA,75,0
11,30,"agreeableness",40,2,31,NA,58,14,6,0
12,1,"agreeableness",20,1,NA,68,22,4,0,0
12,2,"extraversion",80,0,2,2,60,NA,70,0
12,3,"neuroticism",60,1,2,61,NA,70,1,0
12,4,"agreeableness",80,0,2,1,75,NA,39,0
12,5,"agreeableness",100,0,1,2,39,69,NA,0
12,6,"openness",20,21,NA,48,0,0,0,0
12,7,"openness",0,NA,66,39,12,0,1,0
12,8,"conscientiousness",60,2,1,33,NA,60,1,0
12,9,"conscientiousness",40,1,2,NA,68,21,1,0
12,10,"openness",80,1,2,2,51,NA,50,0
12,11,"openness",100,0,0,0,19,69,NA,0
12,12,"conscientiousness",100,0,1,1,29,69,NA,0
12,13,"neuroticism",80,0,0,2,48,NA,60,0
12,14,"neuroticism",100,0,1,2,30,74,NA,0
12,15,"conscientiousness",20,1,NA,74,38,1,0,0
12,16,"conscientiousness",0,NA,63,22,1,0,0,0
12,17,"neuroticism",20,29,NA,12,1,0,0,0
12,18,"agreeableness",60,0,0,30,NA,49,0,0
12,19,"agreeableness",40,0,12,NA,51,0,0,0
12,20,"extraversion",40,0,22,NA,49,0,0,0
12,21,"neuroticism",40,0,33,NA,49,0,0,0
12,22,"conscientiousness",80,0,0,1,15,NA,65,0
12,23,"agreeableness",0,NA,63,50,1,0,0,0
12,24,"openness",60,0,0,30,NA,48,0,0
12,25,"extraversion",20,29,NA,39,0,0,0,0
12,26,"extraversion",0,NA,60,17,0,0,0,0
12,27,"openness",40,0,19,NA,70,9,0,0
12,28,"neuroticism",0,NA,21,0,0,0,0,0
12,29,"extraversion",60,0,0,30,NA,41,1,0
12,30,"extraversion",100,0,0,0,0,50,NA,0
13,1,"conscientiousness",40,79,20,NA,59,79,87,0
13,2,"agreeableness",40,81,85,NA,88,91,85,0
13,3,"extraversion",40,92,84,NA,80,89,91,0
13,4,"agreeableness",0,NA,81,85,85,90,91,0
13,5,"openness",0,NA,86,91,89,94,93,0
13,6,"conscientiousness",60,89,93,91,NA,88,89,0
13,7,"agreeableness",100,84,92,89,91,95,NA,0
13,8,"neuroticism",40,85,88,NA,90,92,89,0
13,9,"neuroticism",80,84,84,84,95,NA,94,0
13,10,"conscientiousness",0,NA,82,76,83,72,82,0
13,11,"openness",60,83,70,81,NA,84,80,0
13,12,"conscientiousness",80,84,82,80,78,NA,84,0
13,13,"openness",40,87,92,NA,85,85,89,0
13,14,"extraversion",80,84,89,88,87,NA,81,0
13,15,"openness",80,84,76,84,81,NA,87,0
13,16,"agreeableness",80,85,87,86,79,NA,87,0
13,17,"neuroticism",100,88,79,87,82,83,NA,0
13,18,"extraversion",100,82,78,88,84,82,NA,0
13,19,"agreeableness",60,84,86,87,NA,86,82,0
13,20,"extraversion",0,NA,85,89,81,83,80,0
13,21,"extraversion",60,83,80,79,NA,88,83,0
13,22,"conscientiousness",100,86,72,88,87,85,NA,0
13,23,"openness",100,86,81,88,82,86,NA,0
13,24,"agreeableness",20,85,NA,92,81,86,83,0
13,25,"extraversion",20,75,NA,85,83,86,76,0
13,26,"neuroticism",0,NA,85,76,86,81,79,0
13,27,"neuroticism",20,81,NA,82,86,75,89,0
13,28,"conscientiousness",20,84,NA,88,76,83,75,0
13,29,"openness",20,80,NA,86,72,86,75,0
13,30,"neuroticism",60,82,85,75,NA,87,81,0
14,1,"agreeableness",100,5,29,59,70,100,NA,0
14,2,"conscientiousness",20,11,NA,26,21,11,20,0
14,3,"agreeableness",60,11,9,50,NA,79,49,0
14,4,"conscientiousness",0,NA,50,10,20,31,10,0
14,5,"neuroticism",100,10,30,60,79,100,NA,0
14,6,"neuroticism",20,69,NA,50,30,10,5,0
14,7,"conscientiousness",60,20,11,30,NA,60,50,0
14,8,"openness",40,40,50,NA,50,40,10,0
14,9,"neuroticism",0,NA,59,49,11,4,0,0
14,10,"openness",60,4,11,50,NA,70,88,0
14,11,"extraversion",100,2,4,30,50,100,NA,0
14,12,"extraversion",0,NA,59,50,20,11,3,0
14,13,"agreeableness",40,4,50,NA,49,30,21,0
14,14,"conscientiousness",40,10,50,NA,56,69,50,0
14,15,"neuroticism",60,5,30,50,NA,55,40,0
14,16,"neuroticism",40,20,50,NA,29,20,10,0
14,17,"conscientiousness",100,6,11,30,70,89,NA,0
14,18,"conscientiousness",80,19,30,59,80,NA,50,0
14,19,"openness",0,NA,49,29,21,12,2,0
14,20,"openness",20,50,NA,60,49,21,9,0
14,21,"extraversion",60,6,5,50,NA,70,50,0
14,22,"agreeableness",20,40,NA,61,50,29,10,0
14,23,"extraversion",40,11,29,NA,49,59,40,0
14,24,"agreeableness",0,NA,49,30,12,21,0,0
14,25,"neuroticism",80,8,31,58,69,NA,79,0
14,26,"agreeableness",80,4,20,50,79,NA,100,0
14,27,"extraversion",20,19,NA,59,69,50,31,0
14,28,"openness",80,3,30,51,79,NA,100,0
14,29,"extraversion",80,0,11,50,78,NA,100,0
14,30,"openness",100,0,10,50,78,100,NA,0
15,1,"neuroticism",60,0,20,40,NA,39,0,0
15,2,"openness",100,0,1,4,6,69,NA,0
15,3,"conscientiousness",60,0,6,37,NA,59,0,0
15,4,"neuroticism",40,0,25,NA,24,5,0,0
15,5,"openness",80,0,4,10,20,NA,35,0
15,6,"conscientiousness",40,0,11,NA,35,11,0,0
15,7,"agreeableness",60,0,2,11,NA,25,11,0
15,8,"openness",40,0,11,NA,26,11,0,0
15,9,"openness",0,NA,15,3,2,1,0,0
15,10,"extraversion",0,NA,10,0,0,0,0,0
15,11,"agreeableness",40,0,11,NA,35,17,0,0
15,12,"agreeableness",80,0,5,11,25,NA,25,0
15,13,"neuroticism",0,NA,16,0,0,0,0,0
15,14,"agreeableness",100,0,3,5,14,30,NA,0
15,15,"conscientiousness",0,NA,14,1,0,0,0,0
15,16,"neuroticism",20,4,NA,20,4,0,0,0
15,17,"openness",60,0,4,23,NA,11,0,0
15,18,"extraversion",100,0,1,1,8,11,NA,0
15,19,"extraversion",80,0,3,5,16,NA,16,0
15,20,"extraversion",40,0,15,NA,25,25,14,0
15,21,"extraversion",20,5,NA,20,16,3,0,0
15,22,"conscientiousness",80,0,2,15,26,NA,26,0
15,23,"conscientiousness",100,0,0,3,9,21,NA,0
15,24,"agreeableness",20,11,NA,20,1,1,0,0
15,25,"extraversion",60,0,3,19,NA,24,17,0
15,26,"neuroticism",100,0,0,2,11,30,NA,0
15,27,"conscientiousness",20,30,NA,30,5,1,0,0
15,28,"openness",20,25,NA,11,4,0,0,0
15,29,"agreeableness",0,NA,10,3,0,0,0,0
15,30,"neuroticism",80,0,2,11,30,NA,30,0
16,1,"neuroticism",80,0,5,11,30,NA,54,0
16,2,"neuroticism",20,45,NA,50,26,11,0,0
16,3,"agreeableness",0,NA,54,35,15,5,0,0
16,4,"neuroticism",40,11,26,NA,21,5,0,0
16,5,"agreeableness",40,6,16,NA,34,25,11,0
16,6,"openness",100,0,0,5,11,35,NA,0
16,7,"openness",60,0,5,15,NA,34,20,0
16,8,"extraversion",20,30,NA,25,19,9,0,0
16,9,"extraversion",80,3,7,43,75,NA,63,0
16,10,"extraversion",60,5,19,67,NA,61,51,0
16,11,"conscientiousness",100,0,0,15,63,74,NA,0
16,12,"conscientiousness",40,11,27,NA,22,12,0,0
16,13,"agreeableness",20,27,NA,13,1,0,0,0
16,14,"conscientiousness",20,38,NA,25,15,3,0,0
16,15,"agreeableness",80,2,7,38,74,NA,55,0
16,16,"neuroticism",60,2,5,44,NA,41,32,0
16,17,"conscientiousness",60,3,17,47,NA,36,23,0
16,18,"conscientiousness",80,2,6,27,54,NA,48,0
16,19,"openness",20,23,NA,19,8,2,0,0
16,20,"neuroticism",100,1,5,17,48,83,NA,0
16,21,"agreeableness",100,5,8,24,34,63,NA,0
16,22,"conscientiousness",0,NA,63,34,9,1,0,0
16,23,"openness",0,NA,37,32,14,6,0,0
16,24,"extraversion",100,1,3,18,46,77,NA,0
16,25,"extraversion",0,NA,52,26,12,2,0,0
16,26,"openness",80,0,5,34,63,NA,57,0
16,27,"extraversion",40,17,31,NA,25,10,1,0
16,28,"neuroticism",0,NA,52,32,17,7,1,0
16,29,"openness",40,10,38,NA,29,13,0,0
16,30,"agreeableness",60,2,21,47,NA,32,24,0
17,1,"extraversion",80,55,67,77,88,NA,100,0
17,2,"conscientiousness",80,60,71,79,93,NA,100,0
17,3,"conscientiousness",40,20,30,NA,40,59,100,0
17,4,"agreeableness",20,73,NA,69,53,32,90,0
17,5,"openness",0,NA,50,24,20,8,0,0
17,6,"openness",60,0,9,20,NA,86,52,0
17,7,"neuroticism",100,0,19,40,74,89,NA,0
17,8,"agreeableness",0,NA,77,68,59,79,0,0
17,9,"conscientiousness",20,83,NA,71,40,20,9,0
17,10,"neuroticism",80,1,13,30,94,NA,87,0
17,11,"neuroticism",20,58,NA,60,20,16,3,0
17,12,"extraversion",60,9,21,40,NA,81,61,0
17,13,"extraversion",40,21,60,NA,49,19,9,0
17,14,"agreeableness",40,10,46,NA,38,58,29,0
17,15,"openness",100,0,20,29,78,96,NA,0
17,16,"agreeableness",100,0,12,33,66,99,NA,0
17,17,"extraversion",100,0,14,41,65,100,NA,0
17,18,"conscientiousness",100,3,19,36,69,90,NA,0
17,19,"agreeableness",80,20,29,43,78,NA,54,0
17,20,"neuroticism",60,10,17,52,NA,65,23,0
17,21,"conscientiousness",60,9,29,50,NA,81,69,0
17,22,"extraversion",0,NA,60,25,11,5,0,0
17,23,"neuroticism",40,14,44,NA,38,39,21,0
17,24,"neuroticism",0,NA,42,31,15,9,0,0
17,25,"conscientiousness",0,NA,45,19,15,7,0,0
17,26,"agreeableness",60,10,29,55,NA,79,62,0
17,27,"extraversion",20,73,NA,78,45,25,20,0
17,28,"openness",80,5,11,23,69,NA,78,0
17,29,"openness",40,29,60,NA,74,30,14,0
17,30,"openness",20,75,NA,83,58,28,13,0
18,1,"agreeableness",0,NA,60,29,16,2,0,0
18,2,"extraversion",40,0,13,NA,50,70,11,0
18,3,"agreeableness",40,30,42,NA,45,10,0,0
18,4,"conscientiousness",100,0,0,21,40,84,NA,0
18,5,"extraversion",20,100,NA,100,49,22,0,0
18,6,"openness",80,1,1,2,88,NA,83,0
18,7,"openness",0,NA,73,74,2,0,0,0
18,8,"openness",40,65,77,NA,80,18,0,0
18,9,"agreeableness",60,0,8,42,NA,50,11,0
18,10,"openness",20,46,NA,46,14,9,0,0
18,11,"neuroticism",40,0,19,NA,39,3,1,0
18,12,"conscientiousness",20,100,NA,77,52,28,0,0
18,13,"neuroticism",0,NA,16,9,0,0,0,0
18,14,"conscientiousness",0,NA,12,9,0,0,0,0
18,15,"agreeableness",100,0,0,0,40,93,NA,0
18,16,"extraversion",100,0,0,0,40,90,NA,0
18,17,"openness",60,0,0,41,NA,56,31,0
18,18,"agreeableness",20,12,NA,13,3,0,0,0
18,19,"neuroticism",100,0,0,0,41,63,NA,0
18,20,"extraversion",80,0,0,23,89,NA,100,0
18,21,"neuroticism",60,0,0,40,NA,40,27,0
18,22,"extraversion",0,NA,9,0,0,0,0,0
18,23,"conscientiousness",40,0,34,NA,25,0,1,0
18,24,"neuroticism",80,0,0,21,34,NA,48,0
18,25,"neuroticism",20,11,NA,11,3,0,0,0
18,26,"extraversion",60,1,0,30,NA,49,21,0
18,27,"conscientiousness",80,0,0,30,56,NA,46,0
18,28,"openness",100,0,0,1,51,88,NA,0
18,29,"conscientiousness",60,0,0,31,NA,70,61,0
18,30,"agreeableness",80,0,0,41,71,NA,90,0
19,1,"extraversion",80,4,3,20,59,NA,60,0
19,2,"neuroticism",40,12,50,NA,45,6,2,0
19,3,"agreeableness",40,0,55,NA,50,12,0,0
19,4,"conscientiousness",0,NA,70,11,6,0,0,0
19,5,"openness",100,1,2,10,50,88,NA,0
19,6,"neuroticism",0,NA,88,40,11,6,0,0
19,7,"openness",0,NA,88,40,11,3,1,0
19,8,"conscientiousness",100,0,4,11,39,78,NA,0
19,9,"openness",60,0,20,58,NA,72,10,0
19,10,"extraversion",100,0,3,11,39,84,NA,0
19,11,"extraversion",20,55,NA,52,11,4,0,0
19,12,"extraversion",40,6,49,NA,63,10,0,0
19,13,"conscientiousness",60,0,11,49,NA,69,11,0
19,14,"agreeableness",80,0,4,10,44,NA,50,0
19,15,"conscientiousness",40,5,50,NA,59,20,0,0
19,16,"neuroticism",60,0,10,56,NA,69,0,0
19,17,"conscientiousness",20,59,NA,52,11,5,0,0
19,18,"conscientiousness",80,0,2,6,50,NA,69,0
19,19,"agreeableness",60,0,4,54,NA,68,1,0
19,20,"extraversion",60,0,4,68,NA,65,0,0
19,21,"agreeableness",20,45,NA,31,12,0,0,0
19,22,"extraversion",0,NA,79,49,5,5,0,0
19,23,"openness",40,11,69,NA,55,20,11,0
19,24,"neuroticism",100,0,11,40,60,84,NA,0
19,25,"openness",80,0,8,29,74,NA,59,0
19,26,"agreeableness",0,NA,89,49,3,0,0,0
19,27,"openness",20,83,NA,30,4,0,0,0
19,28,"neuroticism",20,79,NA,31,11,0,0,0
19,29,"neuroticism",80,0,11,25,63,NA,30,0
19,30,"agreeableness",100,2,10,26,62,83,NA,0
20,1,"extraversion",40,10,22,NA,49,20,21,0
20,2,"neuroticism",80,11,13,27,71,NA,69,0
20,3,"conscientiousness",80,4,12,21,69,NA,79,0
20,4,"neuroticism",100,8,6,51,83,89,NA,0
20,5,"extraversion",0,NA,14,7,1,0,0,0
20,6,"extraversion",80,0,5,9,57,NA,67,0
20,7,"conscientiousness",0,NA,4,0,0,0,0,0
20,8,"agreeableness",80,0,3,5,21,NA,45,0
20,9,"agreeableness",100,0,3,5,26,39,NA,0
20,10,"conscientiousness",20,15,NA,9,6,2,0,0
20,11,"openness",100,0,9,19,35,63,NA,0
20,12,"agreeableness",60,5,30,49,NA,26,11,0
20,13,"openness",40,8,28,NA,34,26,7,0
20,14,"openness",20,36,NA,31,20,14,5,0
20,15,"conscientiousness",100,2,22,47,65,91,NA,0
20,16,"conscientiousness",40,8,23,NA,33,20,6,0
20,17,"openness",80,5,14,27,52,NA,72,0
20,18,"neuroticism",20,54,NA,40,29,14,4,0
20,19,"openness",0,NA,62,50,40,25,0,0
20,20,"conscientiousness",60,13,31,42,NA,33,17,0
20,21,"extraversion",100,2,12,27,50,77,NA,0
20,22,"neuroticism",60,13,48,71,NA,39,14,0
20,23,"agreeableness",40,18,49,NA,70,48,21,0
20,24,"openness",60,20,47,71,NA,53,22,0
20,25,"agreeableness",0,NA,80,61,38,13,3,0
20,26,"extraversion",60,13,41,60,NA,40,15,0
20,27,"neuroticism",40,11,43,NA,65,49,19,0
20,28,"neuroticism",0,NA,61,46,27,13,5,0
20,29,"agreeableness",20,65,NA,44,32,22,4,0
20,30,"extraversion",20,71,NA,57,43,23,7,0
21,1,"extraversion",80,4,15,39,86,NA,52,0
21,2,"openness",20,72,NA,65,16,11,3,0
21,3,"openness",40,20,69,NA,81,45,11,0
21,4,"conscientiousness",20,19,NA,54,41,27,7,0
21,5,"conscientiousness",0,NA,92,75,31,17,6,0
21,6,"neuroticism",60,3,27,82,NA,89,43,0
21,7,"conscientiousness",100,2,9,25,61,87,NA,0
21,8,"openness",100,4,13,22,51,81,NA,0
21,9,"extraversion",40,19,85,NA,78,49,10,0
21,10,"extraversion",0,NA,92,71,33,20,5,0
21,11,"extraversion",100,1,10,29,63,91,NA,0
21,12,"neuroticism",80,3,11,31,89,NA,71,0
21,13,"conscientiousness",40,19,60,NA,68,49,8,0
21,14,"neuroticism",100,2,10,18,80,93,NA,0
21,15,"extraversion",60,2,21,66,NA,77,45,0
21,16,"agreeableness",60,8,26,75,NA,73,42,0
21,17,"extraversion",20,78,NA,90,49,31,10,0
21,18,"conscientiousness",60,4,16,59,NA,79,23,0
21,19,"agreeableness",80,4,15,45,87,NA,83,0
21,20,"openness",80,4,17,40,77,NA,75,0
21,21,"agreeableness",0,NA,95,81,56,39,0,0
21,22,"agreeableness",100,2,16,19,74,90,NA,0
21,23,"openness",60,3,19,66,NA,73,43,0
21,24,"openness",0,NA,94,69,50,24,1,0
21,25,"agreeableness",40,28,78,NA,63,42,12,0
21,26,"neuroticism",0,NA,76,65,46,32,4,0
21,27,"neuroticism",40,58,78,NA,80,19,4,0
21,28,"neuroticism",20,81,NA,82,58,35,18,0
21,29,"conscientiousness",80,2,17,42,70,NA,67,0
21,30,"agreeableness",20,81,NA,87,67,49,11,0
22,1,"openness",20,54,NA,35,10,0,0,0
22,2,"conscientiousness",60,0,0,30,NA,60,11,0
22,3,"conscientiousness",20,21,NA,50,25,5,0,0
22,4,"openness",40,0,16,NA,69,16,0,0
22,5,"openness",100,0,0,0,5,95,NA,0
22,6,"openness",80,0,0,0,49,NA,49,0
22,7,"neuroticism",20,45,NA,50,5,0,0,0
22,8,"neuroticism",100,0,0,0,0,6,NA,0
22,9,"agreeableness",40,45,70,NA,11,0,0,0
22,10,"neuroticism",40,21,50,NA,21,0,0,0
22,11,"extraversion",0,NA,15,1,0,0,0,0
22,12,"agreeableness",0,NA,11,0,0,0,0,0
22,13,"agreeableness",80,0,0,0,25,NA,30,0
22,14,"openness",0,NA,20,1,0,0,0,0
22,15,"neuroticism",60,0,0,27,NA,56,11,0
22,16,"agreeableness",100,0,0,0,16,45,NA,0
22,17,"extraversion",60,0,0,20,NA,50,5,0
22,18,"extraversion",40,0,26,NA,30,0,0,0
22,19,"conscientiousness",100,0,0,0,32,62,NA,0
22,20,"conscientiousness",80,0,0,3,46,NA,34,0
22,21,"conscientiousness",40,0,37,NA,36,1,0,0
22,22,"neuroticism",0,NA,16,5,0,0,0,0
22,23,"neuroticism",80,0,0,0,18,NA,56,0
22,24,"extraversion",100,0,0,0,7,74,NA,0
22,25,"agreeableness",20,36,NA,29,0,0,0,0
22,26,"agreeableness",60,0,5,43,NA,35,0,0
22,27,"conscientiousness",0,NA,28,3,0,0,0,0
22,28,"openness",60,0,8,37,NA,33,0,0
22,29,"extraversion",80,0,0,3,37,NA,46,0
22,30,"extraversion",20,46,NA,32,0,0,0,0
23,1,"openness",40,0,0,NA,49,20,0,0
23,2,"agreeableness",100,0,0,0,59,100,NA,0
23,3,"conscientiousness",20,49,NA,21,20,0,0,0
23,4,"neuroticism",20,50,NA,78,59,12,0,0
23,5,"agreeableness",0,NA,79,50,0,0,0,0
23,6,"openness",0,NA,90,79,0,1,0,0
23,7,"neuroticism",40,0,50,NA,0,0,0,0
23,8,"conscientiousness",100,0,0,0,49,82,NA,0
23,9,"conscientiousness",80,0,0,0,49,NA,88,0
23,10,"conscientiousness",40,0,39,NA,39,0,0,0
23,11,"agreeableness",60,0,0,60,NA,58,24,0
23,12,"conscientiousness",60,0,0,59,NA,59,24,0
23,13,"openness",100,0,0,0,0,88,NA,0
23,14,"extraversion",60,0,0,63,NA,63,0,0
23,15,"agreeableness",40,0,49,NA,49,0,0,0
23,16,"openness",80,0,0,0,69,NA,69,0
23,17,"openness",60,0,0,63,NA,65,0,0
23,18,"agreeableness",80,0,0,0,63,NA,65,0
23,19,"neuroticism",60,0,0,63,NA,65,26,0
23,20,"neuroticism",80,0,0,0,69,NA,71,0
23,21,"openness",20,69,NA,70,29,0,0,0
23,22,"extraversion",20,67,NA,67,22,0,0,0
23,23,"extraversion",40,27,68,NA,68,27,0,0
23,24,"neuroticism",100,0,0,0,39,79,NA,0
23,25,"agreeableness",20,70,NA,69,31,0,0,0
23,26,"extraversion",0,NA,65,48,21,0,0,0
23,27,"neuroticism",0,NA,67,40,20,0,0,0
23,28,"conscientiousness",0,NA,63,39,0,0,0,0
23,29,"extraversion",80,0,0,0,68,NA,71,0
23,30,"extraversion",100,0,0,0,40,72,NA,0
24,1,"conscientiousness",0,NA,79,59,40,20,5,0
24,2,"neuroticism",100,4,11,16,21,25,NA,0
24,3,"agreeableness",20,30,NA,50,40,30,20,0
24,4,"extraversion",0,NA,50,39,30,21,11,0
24,5,"extraversion",80,10,21,30,50,NA,50,0
24,6,"agreeableness",80,11,17,30,49,NA,49,0
24,7,"agreeableness",0,NA,49,40,20,10,0,0
24,8,"conscientiousness",60,10,21,50,NA,49,25,0
24,9,"agreeableness",60,0,20,50,NA,49,0,0
24,10,"extraversion",100,0,10,25,30,50,NA,0
24,11,"conscientiousness",100,0,0,20,30,64,NA,0
24,12,"neuroticism",20,50,NA,50,25,15,11,0
24,13,"neuroticism",40,20,50,NA,50,30,11,0
24,14,"openness",60,11,30,50,NA,49,11,0
24,15,"conscientiousness",20,50,NA,50,10,4,0,0
24,16,"openness",100,0,0,11,20,50,NA,0
24,17,"openness",20,50,NA,50,35,15,0,0
24,18,"conscientiousness",80,0,0,20,50,NA,55,0
24,19,"agreeableness",40,11,50,NA,54,30,20,0
24,20,"agreeableness",100,0,0,0,20,50,NA,0
24,21,"extraversion",40,11,50,NA,50,40,25,0
24,22,"extraversion",60,0,21,50,NA,50,35,0
24,23,"openness",40,11,50,NA,50,30,11,0
24,24,"openness",80,0,0,11,44,NA,55,0
24,25,"openness",0,NA,65,0,0,0,0,0
24,26,"neuroticism",0,NA,50,11,0,0,0,0
24,27,"conscientiousness",40,10,50,NA,50,30,20,0
24,28,"neuroticism",80,0,0,20,50,NA,55,0
24,29,"extraversion",20,49,NA,56,11,0,0,0
24,30,"neuroticism",60,0,11,49,NA,55,11,0
25,1,"extraversion",20,80,NA,64,23,7,3,0
25,2,"neuroticism",20,71,NA,67,30,17,1,0
25,3,"conscientiousness",60,20,46,74,NA,73,12,0
25,4,"agreeableness",0,NA,59,20,3,0,0,0
25,5,"neuroticism",0,NA,77,41,17,6,0,0
25,6,"conscientiousness",40,24,60,NA,60,24,1,0
25,7,"agreeableness",80,0,26,51,79,NA,84,0
25,8,"extraversion",40,6,57,NA,74,44,13,0
25,9,"openness",80,4,12,31,72,NA,63,0
25,10,"conscientiousness",100,2,21,45,73,93,NA,0
25,11,"agreeableness",100,1,11,53,67,84,NA,0
25,12,"extraversion",80,6,22,58,77,NA,66,0
25,13,"conscientiousness",20,73,NA,71,58,22,6,0
25,14,"neuroticism",40,3,69,NA,77,70,5,0
25,15,"extraversion",0,NA,47,16,9,4,0,0
25,16,"agreeableness",60,0,16,90,NA,88,52,0
25,17,"agreeableness",40,0,68,NA,71,63,28,0
25,18,"openness",20,41,NA,59,30,11,2,0
25,19,"neuroticism",60,3,60,82,NA,83,55,0
25,20,"openness",60,0,27,58,NA,57,17,0
25,21,"extraversion",60,6,50,63,NA,65,27,0
25,22,"extraversion",100,0,7,32,70,81,NA,0
25,23,"openness",40,14,68,NA,77,44,13,0
25,24,"neuroticism",80,6,31,56,79,NA,80,0
25,25,"conscientiousness",80,1,15,46,74,NA,73,0
25,26,"openness",100,2,14,38,63,88,NA,0
25,27,"agreeableness",20,41,NA,68,36,22,3,0
25,28,"conscientiousness",0,NA,38,24,6,6,1,0
25,29,"neuroticism",100,0,30,60,76,87,NA,0
25,30,"openness",0,NA,25,20,13,5,0,0
26,1,"openness",40,49,29,NA,69,79,100,0
26,2,"neuroticism",60,0,11,29,NA,60,69,0
26,3,"conscientiousness",100,9,30,58,78,100,NA,0
26,4,"conscientiousness",40,0,40,NA,70,79,79,0
26,5,"neuroticism",0,NA,0,0,0,0,0,0
26,6,"agreeableness",60,0,11,31,NA,79,88,0
26,7,"agreeableness",40,0,10,NA,57,70,78,0
26,8,"extraversion",40,0,10,NA,51,60,61,0
26,9,"openness",80,0,0,10,58,NA,81,0
26,10,"openness",0,NA,3,0,0,0,0,0
26,11,"openness",60,0,0,10,NA,67,74,0
26,12,"neuroticism",100,0,50,40,31,21,NA,0
26,13,"extraversion",0,NA,68,39,30,20,0,0
26,14,"extraversion",80,0,3,10,32,NA,88,0
26,15,"neuroticism",20,88,NA,1,2,1,0,0
26,16,"conscientiousness",80,0,0,0,10,NA,79,0
26,17,"extraversion",20,0,NA,19,38,52,70,0
26,18,"neuroticism",80,0,11,59,78,NA,89,0
26,19,"agreeableness",20,0,NA,60,49,39,20,0
26,20,"neuroticism",40,0,70,NA,50,40,10,0
26,21,"conscientiousness",60,0,10,60,NA,70,50,0
26,22,"extraversion",60,0,10,30,NA,60,41,0
26,23,"agreeableness",100,0,10,20,60,79,NA,0
26,24,"openness",20,50,NA,60,39,19,8,0
26,25,"openness",100,0,10,21,57,89,NA,0
26,26,"agreeableness",0,NA,87,50,28,21,0,0
26,27,"agreeableness",80,0,11,22,69,NA,87,0
26,28,"conscientiousness",20,82,NA,80,50,21,0,0
26,29,"extraversion",100,0,10,11,96,80,NA,0
26,30,"conscientiousness",0,NA,78,30,19,11,0,0
27,1,"openness",60,2,1,65,NA,46,3,0
27,2,"conscientiousness",80,2,1,2,89,NA,11,0
27,3,"openness",40,3,50,NA,50,0,0,0
27,4,"extraversion",0,NA,80,20,1,1,1,0
27,5,"neuroticism",60,1,1,50,NA,49,0,0
27,6,"extraversion",60,1,1,50,NA,50,1,0
27,7,"conscientiousness",0,NA,79,5,0,0,0,0
27,8,"agreeableness",40,0,39,NA,59,2,2,0
27,9,"neuroticism",40,0,49,NA,50,1,0,0
27,10,"extraversion",20,40,NA,60,0,0,1,0
27,11,"agreeableness",100,0,0,0,0,100,NA,0
27,12,"neuroticism",0,NA,100,5,5,0,0,0
27,13,"agreeableness",20,21,NA,80,1,1,1,0
27,14,"neuroticism",80,0,0,0,72,NA,30,0
27,15,"openness",100,0,0,0,12,88,NA,0
27,16,"conscientiousness",60,0,0,49,NA,50,0,0
27,17,"neuroticism",100,0,0,0,20,78,NA,0
27,18,"conscientiousness",100,0,0,1,20,78,NA,0
27,19,"extraversion",100,0,0,0,22,79,NA,0
27,20,"neuroticism",20,29,NA,69,0,0,1,0
27,21,"openness",20,30,NA,60,0,0,0,0
27,22,"agreeableness",0,NA,79,20,0,0,0,0
27,23,"openness",80,0,1,0,80,NA,20,0
27,24,"conscientiousness",20,51,NA,51,0,0,0,0
27,25,"agreeableness",60,0,0,49,NA,50,0,0
27,26,"agreeableness",80,0,0,0,78,NA,11,0
27,27,"openness",0,NA,78,30,0,0,0,0
27,28,"extraversion",80,0,0,0,89,NA,10,0
27,29,"extraversion",40,0,48,NA,50,0,0,0
27,30,"conscientiousness",40,0,40,NA,60,0,0,0
28,1,"extraversion",0,NA,60,39,20,10,0,0
28,2,"conscientiousness",0,NA,60,41,21,11,0,0
28,3,"conscientiousness",100,0,20,41,68,89,NA,0
28,4,"conscientiousness",60,21,31,48,NA,57,70,0
28,5,"agreeableness",40,32,50,NA,88,68,34,0
28,6,"openness",80,14,29,51,70,NA,80,0
28,7,"agreeableness",100,0,14,29,65,100,NA,0
28,8,"agreeableness",20,88,NA,60,37,19,0,0
28,9,"extraversion",100,0,11,32,60,88,NA,0
28,10,"neuroticism",80,20,28,50,68,NA,90,0
28,11,"conscientiousness",80,20,32,50,68,NA,90,0
28,12,"openness",20,88,NA,70,50,32,11,0
28,13,"extraversion",40,58,89,NA,72,41,18,0
28,14,"openness",60,20,29,88,NA,78,46,0
28,15,"extraversion",60,19,48,87,NA,79,49,0
28,16,"extraversion",80,19,31,55,88,NA,78,0
28,17,"extraversion",20,88,NA,71,54,29,7,0
28,18,"neuroticism",20,89,NA,70,49,29,11,0
28,19,"neuroticism",0,NA,89,68,49,23,0,0
28,20,"neuroticism",100,0,11,31,64,88,NA,0
28,21,"agreeableness",80,15,28,50,88,NA,75,0
28,22,"conscientiousness",40,43,88,NA,77,54,21,0
28,23,"agreeableness",0,NA,88,68,48,30,0,0
28,24,"openness",100,0,19,40,66,89,NA,0
28,25,"neuroticism",40,37,87,NA,74,53,25,0
28,26,"agreeableness",60,25,45,88,NA,75,51,0
28,27,"openness",40,26,53,NA,88,75,16,0
28,28,"conscientiousness",20,89,NA,73,50,29,11,0
28,29,"neuroticism",60,27,43,88,NA,73,49,0
28,30,"openness",0,NA,91,76,53,24,0,0
29,1,"neuroticism",20,20,NA,58,16,3,8,0
29,2,"conscientiousness",20,72,NA,28,13,35,50,0
29,3,"agreeableness",0,NA,17,30,38,23,44,0
29,4,"agreeableness",40,68,48,NA,48,37,50,0
29,5,"agreeableness",80,85,7,62,91,NA,97,0
29,6,"agreeableness",60,2,88,74,NA,79,85,0
29,7,"conscientiousness",60,5,8,51,NA,87,85,0
29,8,"neuroticism",100,11,5,27,85,94,NA,0
29,9,"conscientiousness",40,7,4,NA,37,86,96,0
29,10,"conscientiousness",80,5,14,15,43,NA,96,0
29,11,"openness",80,1,21,57,63,NA,75,0
29,12,"neuroticism",60,8,11,16,NA,59,84,0
29,13,"openness",0,NA,4,10,9,89,96,0
29,14,"openness",40,16,35,NA,55,21,32,0
29,15,"neuroticism",0,NA,1,14,45,63,54,0
29,16,"extraversion",60,6,23,13,NA,69,83,0
29,17,"agreeableness",20,5,NA,17,46,50,90,0
29,18,"extraversion",100,10,8,23,77,98,NA,0
29,19,"openness",20,2,NA,88,96,86,99,0
29,20,"conscientiousness",100,2,15,19,99,96,NA,0
29,21,"extraversion",20,11,NA,29,20,28,29,0
29,22,"extraversion",80,14,16,11,50,NA,97,0
29,23,"extraversion",0,NA,14,9,7,24,24,0
29,24,"neuroticism",40,10,28,NA,37,21,87,0
29,25,"agreeableness",100,5,55,58,68,91,NA,0
29,26,"extraversion",40,13,15,NA,11,54,95,0
29,27,"openness",60,4,44,63,NA,54,92,0
29,28,"conscientiousness",0,NA,95,17,10,3,7,0
29,29,"openness",100,8,10,10,92,95,NA,0
29,30,"neuroticism",80,3,6,12,50,NA,99,0
30,1,"agreeableness",80,88,80,58,52,NA,32,0
30,2,"openness",100,100,86,66,67,58,NA,0
30,3,"extraversion",60,48,38,51,NA,50,48,0
30,4,"agreeableness",60,57,49,52,NA,46,50,0
30,5,"conscientiousness",40,56,46,NA,49,49,50,0
30,6,"extraversion",20,16,NA,25,41,54,48,0
30,7,"agreeableness",40,27,29,NA,40,30,33,0
30,8,"conscientiousness",20,44,NA,32,30,20,18,0
30,9,"neuroticism",20,20,NA,20,20,20,21,0
30,10,"openness",0,NA,34,35,33,29,11,0
30,11,"agreeableness",0,NA,53,16,20,21,20,0
30,12,"neuroticism",60,23,38,36,NA,36,44,0
30,13,"openness",40,30,44,NA,30,31,30,0
30,14,"openness",80,15,18,20,30,NA,48,0
30,15,"openness",20,17,NA,30,30,19,31,0
30,16,"conscientiousness",0,NA,43,30,44,26,26,0
30,17,"agreeableness",100,10,14,15,14,15,NA,0
30,18,"extraversion",0,NA,22,20,20,29,17,0
30,19,"extraversion",40,30,41,NA,46,28,33,0
30,20,"neuroticism",80,47,31,44,37,NA,39,0
30,21,"neuroticism",0,NA,31,42,36,40,39,0
30,22,"conscientiousness",80,35,37,48,29,NA,37,0
30,23,"neuroticism",100,24,25,45,43,42,NA,0
30,24,"agreeableness",20,29,NA,33,41,24,30,0
30,25,"neuroticism",40,28,45,NA,44,46,43,0
30,26,"extraversion",100,10,21,19,20,21,NA,0
30,27,"conscientiousness",60,33,34,33,NA,33,24,0
30,28,"extraversion",80,18,37,39,28,NA,40,0
30,29,"openness",60,48,30,49,NA,48,23,0
30,30,"conscientiousness",100,72,70,39,40,22,NA,0
